Designator,Mid X,Mid Y,Rotation,Layer
C1,202.947429,-48.909125,0,top
D151,102.024411,-141.605,180,top
R164,93.385,-155.8,90,top
R165,99.2,-155.8,90,top
R166,104.902,-155.7795,90,top
R167,93.385,-151,90,top
R168,99.2,-151,90,top
R169,104.902,-150.9795,90,top
R170,93.385,-146.6,90,top
R171,99.190373,-146.588952,270,top
R172,104.902,-146.5795,90,top
U1,202.947429,-52.719125,270,top